id;lieu_depart;lieu_arrivee;date_depart;heure_depart;place_disp;chemin_photo_voiture;conducteur;liste_passager
1;prime furiously meanwhile;in cough;2024-05-24T13:45:46;2024-05-24T17:24:45;7464;brr lest scrap;brr about;notwithstanding because clumsy
2;capture persimmon uniform;blah;2024-05-24T16:12:31;2024-05-24T12:32:11;13785;unto under embryo;hm aw;piddle sort
3;sure-footed supper while;lest fantastic alarm;2024-05-24T02:16:17;2024-05-24T01:54:02;22894;cruelly wretched amidst;joyously ha;punctually
4;weasel until woot;though contradict stumble;2024-05-24T02:53:32;2024-05-24T19:28:24;10231;loyally revert against;safe;allege regarding
5;because who;across supposing;2024-05-24T17:40:24;2024-05-24T06:26:54;4184;yuck;yowza daisy;after pro hubris
6;glow;for;2024-05-24T13:52:32;2024-05-24T01:54:20;2883;briefly out duh;scrim;knotty um digitize
7;manufacturer given;faithfully negative;2024-05-23T21:16:42;2024-05-24T04:39:11;11398;colonise why mid;kindheartedly mid;self-reliant
8;necessitate deepen;whenever anenst;2024-05-24T12:11:53;2024-05-24T19:31:53;18482;lined badge functional;fraction;properly unnecessarily
9;motionless usually precedent;boohoo within;2024-05-24T13:16:38;2024-05-23T22:21:09;3872;past;amidst from;wolf interfere loyally
10;psst;rayon;2024-05-24T06:54:46;2024-05-24T07:45:53;16402;interpretation midst;inside;trivialize
