id;nom;prenom;email;numero_tel;mot_de_passe
1;intrepid far careen;degenerate mmm between;Mervin27@gmail.com;thunder bare;flavor drat silver
2;yum ick for;wherever;Vergie_Toy@yahoo.com;even potentially stub;double timely moo
3;worth poncho;overuse outside;Annabelle.Shanahan76@yahoo.com;invalidate whose;relieve anenst
4;brooch;quizzical unless;Kian_Strosin@yahoo.com;now variable oddly;pizza
5;hm unlike;phew;Birdie60@hotmail.com;inasmuch mess;ruling yum lyre
6;whoa giving;fiercely;Hal97@gmail.com;faithfully;zowie atop
7;hungrily audit;although;Rudolph76@yahoo.com;openly;offensively
8;molding intent confirmation;huzzah;Marlene.Langworth@hotmail.com;above extra-large patiently;toothbrush er frame
9;overstock including pleasant;sometimes;Oren89@hotmail.com;closed exciting;thirsty sod dial
10;solidly aggressive geez;distress;Demarco.Walter76@yahoo.com;whoever deeply;because stormy boo
